{"cameraMode":{"drawMode":0,"name":"Shaded","section":"Shading Mode"},"sceneLighting":false,"audioPlay":false,"sceneViewState":{"showFog":true,"showMaterialUpdate":false,"showSkybox":false,"showFlares":true,"showImageEffects":true,"showParticleSystems":true},"in2DMode":false,"pivot":{"x":-2.42760968208313,"y":1.5042619705200196,"z":0.892937421798706},"rotation":{"x":0.08046483993530274,"y":0.8545585870742798,"z":-0.1391238570213318,"w":0.49395573139190676},"size":0.000017320508050033823,"orthographic":false}