{"cameraMode":{"drawMode":0,"name":"Shaded","section":"Shading Mode"},"sceneLighting":false,"audioPlay":false,"sceneViewState":{"showFog":true,"showMaterialUpdate":false,"showSkybox":false,"showFlares":true,"showImageEffects":true,"showParticleSystems":true},"in2DMode":false,"pivot":{"x":-2.1259000301361086,"y":1.9789999723434449,"z":-0.9251800179481506},"rotation":{"x":0.08696205914020539,"y":0.4070066511631012,"z":-0.0389086939394474,"w":0.9084956645965576},"size":10.0,"orthographic":false}