{"cameraMode":{"drawMode":0,"name":"Shaded","section":"Shading Mode"},"sceneLighting":false,"audioPlay":false,"sceneViewState":{"showFog":true,"showMaterialUpdate":false,"showSkybox":true,"showFlares":true,"showImageEffects":true,"showParticleSystems":true},"in2DMode":false,"pivot":{"x":17.416255950927736,"y":-2.595271348953247,"z":16.58678436279297},"rotation":{"x":0.12961086630821229,"y":0.281431645154953,"z":-0.038424644619226459,"w":0.950028121471405},"size":10.0,"orthographic":false}