{"cameraMode":{"drawMode":0,"name":"Shaded","section":"Shading Mode"},"sceneLighting":false,"audioPlay":false,"sceneViewState":{"showFog":true,"showMaterialUpdate":false,"showSkybox":false,"showFlares":true,"showImageEffects":true,"showParticleSystems":true},"in2DMode":false,"pivot":{"x":7.076498985290527,"y":1.0993731021881104,"z":3.4624147415161135},"rotation":{"x":0.03492264077067375,"y":-0.2428092509508133,"z":0.008752180263400078,"w":0.9694305062294006},"size":0.5722761750221252,"orthographic":false}